frase,sintomas,sintomas_negados,inicio,impacto_rotina,diagnostico_sugerido,confianca_relativa,evidencias,alternativas
"Há dois dias estou com uma dor no peito que piora quando faço esforço físico e alivia quando descanso, por isso parei de subir as escadas do trabalho.",alivia quando descanso | dor no peito | dor no peito ao esforço | piora quando faço esforço,,há dois dias,parei de subir as escadas do trabalho,Angina Estável,0.71,alivia quando descanso | dor no peito | dor no peito ao esforço | piora quando faço esforço,Estenose Aórtica (0.50) | Pericardite (0.33)
"Desde ontem à noite sinto um aperto forte no peito que se espalha para o braço esquerdo, com suor frio e enjoo, e não consegui sair da cama hoje.",aperto forte no peito | aperto no peito | enjoo | espalha para o braço esquerdo | suor frio,,desde ontem à noite | hoje,não consegui sair da cama hoje,Infarto Agudo do Miocárdio,1.0,aperto forte no peito | aperto no peito | enjoo | espalha para o braço esquerdo | suor frio,
"Sinto cansaço constante há uma semana, mesmo depois de descansar, minhas pernas ficam inchadas no fim do dia e preciso dormir com dois travesseiros para conseguir respirar, o que me impede de trabalhar.",cansaço | cansaço constante | dormir com travesseiros | perna inchada | pernas inchadas,,há uma semana,me impede de trabalhar,Insuficiência Cardíaca,0.7,cansaço | cansaço constante | dormir com travesseiros | pernas inchadas,Trombose Venosa Profunda (1.00) | Miocardite (0.50)
"Há três semanas meu coração dispara do nada e fica batendo irregular, com tontura, e tive que parar de dirigir por medo de passar mal.",batendo irregular | batimento irregular | coração dispara | tontura,,há três semanas,tive que parar de dirigir por medo de passar mal,Arritmia Cardíaca,0.83,batendo irregular | batimento irregular | coração dispara | tontura,Estenose Aórtica (0.33) | Crise Hipertensiva (0.33)
"Hoje de manhã acordei com uma dor de cabeça forte na nuca e a vista embaçada, medi a pressão e estava muito alta, então faltei ao trabalho.",dor de cabeça | dor de cabeça forte | dor na nuca | pressão alta | pressão muito alta | vista embaçada,,hoje de manhã,faltei ao trabalho,Crise Hipertensiva,1.0,dor de cabeça | dor de cabeça forte | dor na nuca | pressão alta | pressão muito alta | vista embaçada,
"Há quatro dias, depois de uma gripe, tenho uma dor no peito que piora quando respiro fundo ou deito e melhora quando me inclino para frente, e não consigo dormir direito.",depois de uma gripe | dor ao respirar | dor ao respirar fundo | dor no peito | dor no peito ao respirar | melhora inclinado para frente | melhora quando me inclino | piora quando deito | piora quando respiro fundo,,há quatro dias,não consigo dormir direito,Pericardite,0.65,depois de uma gripe | dor ao respirar fundo | dor no peito | melhora inclinado para frente | melhora quando me inclino | piora quando deito | piora quando respiro fundo,Embolia Pulmonar (2.00) | Miocardite (0.50)
"Desde a viagem de avião de dez horas, há cinco dias, minha panturrilha direita está inchada, vermelha e dolorida, não sinto dor no peito, mas mal consigo caminhar até a padaria.",mal consigo caminhar | panturrilha inchada | viagem de avião,dor no peito,desde a viagem de avião | há cinco dias,mal consigo caminhar até a padaria,Trombose Venosa Profunda,1.0,mal consigo caminhar | panturrilha inchada | viagem de avião,
"Ontem desmaiei enquanto corria no parque e, há cerca de um mês, sinto tontura e falta de ar quando faço exercício, então parei de treinar.",desmaiei | desmaiei enquanto corria | desmaio | falta de ar | falta de ar quando faço exercício | tontura,,ontem | há cerca de um mês,parei de treinar,Estenose Aórtica,0.72,desmaiei | desmaiei enquanto corria | desmaio | falta de ar quando faço exercício | tontura,Crise Hipertensiva (0.33) | Arritmia Cardíaca (0.33)
"Há duas semanas, depois de um tratamento dentário, tenho febre que vai e volta, calafrios e suor à noite, e me sinto tão fraco que não consigo cuidar das tarefas de casa.",calafrios | febre | febre que vai e volta | sinto fraco | suor à noite | tratamento dentário,,há duas semanas,não consigo cuidar das tarefas de casa,Endocardite Infecciosa,0.92,calafrios | febre | febre que vai e volta | sinto fraco | suor à noite | tratamento dentário,Miocardite (0.50)
"De repente, há duas horas, senti falta de ar intensa e dor no peito ao respirar, tossi com sangue e não consigo falar frases inteiras sem parar para puxar o ar.",dor ao respirar | dor no peito | dor no peito ao respirar | falta de ar | falta de ar intensa | tosse com sangue | tossi com sangue,puxar o ar,de repente | há duas horas,não consigo falar frases inteiras sem parar para puxar o ar,Embolia Pulmonar,0.76,dor ao respirar | dor no peito ao respirar | falta de ar | falta de ar intensa | tosse com sangue | tossi com sangue,Angina Estável (0.67) | Insuficiência Cardíaca (0.33)
